0.89877,0.17722,0.69355,0.82177,0.23876,0.7902,0.098811,0.54789,0.26295,0.95013,0.28209,0.2984,0.14622,0.27007,0.74323,0.066673,0.72739,0.31074,0.68228,0.25562,0.65854,0.11502,0.5984,0.99727,0.59089,0.61263,0.38387,0.26421,0.70473,0.18435,0.64542,0.86902,0.44245,0.38432,0.11606,0.88751,0.46163,0.73169,0.80007,0.55283,0.22315,0.78872,0.35993,0.70355,0.80801,0.86334,0.63821,0.23559,0.34219,0.29249,0.77063,0.4926,0.41024,0.9906,0.43875,0.6855,0.39493,0.4127,0.16243,0.50891,0.36388,0.97172,0.79089,0.69495,0.49118,0.85047,0.74257,0.92898,0.32691,0.18542,0.85947,0.90748,0.54717,0.12485,0.92716,0.078412,0.72539,0.46366,0.68115,0.55429,0.68984,0.10866,0.97163,0.85218,0.34013,0.47377,0.89795,0.31735,0.15301,0.79121,0.97911,0.18333,0.80778,0.068098,0.12906,0.63044,0.088467,0.47025,0.89215,0.66756
0.074328,0.3055,0.69605,0.2066,0.25072,0.95694,0.81585,0.58886,0.15286,0.59821,0.063555,0.5781,0.26054,0.76993,0.61008,0.13342,0.98976,0.66633,0.42262,0.65601,0.68385,0.8058,0.67203,0.13791,0.18389,0.54372,0.49813,0.013691,0.74131,0.24905,0.67812,0.78891,0.70946,0.40819,0.29776,0.24024,0.28127,0.34585,0.61482,0.58186,0.62198,0.82161,0.97761,0.22467,0.66653,0.085823,0.68608,0.61232,0.55642,0.84092,0.80059,0.94288,0.64032,0.33835,0.78467,0.72097,0.50484,0.46978,0.45262,0.52614,0.62304,0.98891,0.54231,0.55028,0.52286,0.51059,0.67211,0.39115,0.93367,0.20631,0.6083,0.82887,0.67076,0.36027,0.60762,0.89134,0.7054,0.74627,0.035314,0.59262,0.9397,0.46335,0.64953,0.83096,0.80093,0.98344,0.54063,0.9776,0.12013,0.98086,0.76142,0.70469,0.19336,0.32409,0.13832,0.79742,0.55079,0.43836,0.428,0.56431
0.58538,0.40142,0.1381,0.7041,0.83391,0.52419,0.91203,0.23952,0.77471,0.66427,0.50735,0.46899,0.18119,0.19683,0.42227,0.74075,0.55297,0.45209,0.46816,0.51667,0.64979,0.57836,0.19931,0.79911,0.55412,0.86435,0.80625,0.44919,0.5368,0.28546,0.016625,0.31027,0.79306,0.3745,0.29378,0.51419,0.95661,0.40905,0.8577,0.78122,0.92622,0.16419,0.85721,0.61214,0.3009,0.21679,0.43341,0.9005,0.50347,0.14959,0.62069,0.5673,0.87886,0.60586,0.28826,0.6564,0.85714,0.54856,0.028087,0.32291,0.44072,0.57939,0.62556,0.62265,0.43149,0.90693,0.2028,0.46682,0.26025,0.33621,0.95327,0.36125,0.15302,0.63195,0.67945,0.23778,0.35228,0.81588,0.63966,0.73685,0.61457,0.84059,0.43966,0.60854,0.38905,0.92579,0.87883,0.48631,0.98599,0.43343,0.10277,0.17394,0.89343,0.28183,0.0040061,0.65216,0.8222,0.70624,0.51056,0.82463
0.90591,0.69945,0.83124,0.95919,0.88284,0.73367,0.62804,0.31619,0.89768,0.66788,0.034225,0.73076,0.61269,0.59921,0.70346,0.81817,0.15855,0.41192,0.23737,0.94649,0.96508,0.76228,0.15819,0.51649,0.92312,0.81996,0.23714,0.23354,0.92559,0.92255,0.22143,0.88687,0.55741,0.87731,0.47531,0.44709,0.19406,0.57823,0.35657,0.27708,0.89401,0.60301,0.48684,0.81486,0.16134,0.28123,0.82621,0.70323,0.72969,0.77434,0.74966,0.88159,0.60052,0.81448,0.71103,0.57728,0.94533,0.94725,0.2511,0.012838,0.85049,0.61245,0.24713,0.68887,0.33465,0.42494,0.47308,0.7657,0.97252,0.025811,0.58445,0.57499,0.49158,0.68986,0.65427,0.22498,0.26799,0.79506,0.3156,0.45102,0.32814,0.92939,0.15745,0.44206,0.23294,0.20314,0.61692,0.26695,0.65854,0.59885,0.23754,0.86383,0.8147,0.41612,0.075836,0.79946,0.48419,0.90158,0.73307,0.44103
0.56676,0.93174,0.51921,0.57729,0.4812,0.078314,0.47501,0.13482,0.74317,0.82156,0.040138,0.19368,0.44837,0.30149,0.034795,0.32671,0.14358,0.58549,0.75719,0.93778,0.59492,0.10736,0.69547,0.0096833,0.92,0.70749,0.88427,0.77346,0.11677,0.14279,0.8321,0.58923,0.91069,0.52997,0.60622,0.47739,0.16259,0.65684,0.53558,0.40236,0.83913,0.89252,0.68416,0.84421,0.63566,0.84433,0.75527,0.30399,0.97129,0.2281,0.15271,0.1789,0.92765,0.69484,0.66196,0.79868,0.42374,0.16372,0.74925,0.21502,0.19128,0.19898,0.32502,0.3543,0.46644,0.78047,0.29794,0.18483,0.78755,0.24961,0.46741,0.68788,0.86363,0.28286,0.24548,0.76576,0.51479,0.7873,0.13767,0.36462,0.76364,0.65127,0.053019,0.94374,0.10952,0.36035,0.25576,0.80433,0.28655,0.37055,0.59282,0.11862,0.92778,0.10825,0.64685,0.045713,0.95706,0.60895,0.13765,0.23533
0.61933,0.41759,0.79252,0.51938,0.03772,0.80433,0.44869,0.61088,0.71306,0.89023,0.55897,0.75489,0.7045,0.6083,0.51691,0.49578,0.72461,0.081497,0.64034,0.75115,0.40485,0.54494,0.62672,0.0017798,0.70431,0.61229,0.74859,0.93486,0.30165,0.0057504,0.95864,0.46174,0.17239,0.45425,0.37983,0.94366,0.85876,0.66555,0.86665,0.32525,0.75338,0.84917,0.9703,0.33216,0.096651,0.2438,0.4926,0.60601,0.92557,0.31401,0.49065,0.11672,0.93884,0.60467,0.069571,0.75096,0.47934,0.47516,0.63219,0.36781,0.12413,0.27871,0.16997,0.25757,0.81906,0.51412,0.70019,0.90498,0.26406,0.027225,0.71951,0.29664,0.52475,0.22205,0.55028,0.54066,0.76165,0.53549,0.22152,0.080101,0.79877,0.34348,0.11497,0.74988,0.85853,0.063759,0.19862,0.22651,0.2463,0.15802,0.76463,0.35288,0.31123,0.97302,0.6424,0.49529,0.59723,0.90508,0.8447,0.1085
0.8849,0.84991,0.35852,0.77967,0.76502,0.089261,0.62039,0.54062,0.53895,0.15941,0.48164,0.61898,0.27258,0.77117,0.016701,0.19136,0.012023,0.84922,0.9095,0.57013,0.33906,0.64198,0.2373,0.8479,0.39354,0.091079,0.65368,0.95822,0.9575,0.3242,0.33927,0.58896,0.13424,0.27973,0.52797,0.97296,0.82296,0.42166,0.92724,0.34991,0.92325,0.55038,0.25593,0.46294,0.86197,0.42991,0.76186,0.73798,0.30056,0.426,0.73324,0.92098,0.85035,0.6969,0.52332,0.40437,0.042912,0.62908,0.15513,0.69093,0.38437,0.70699,0.16697,0.65153,0.077548,0.41799,0.63219,0.90961,0.50713,0.72209,0.28288,0.37183,0.11342,0.20903,0.91368,0.81088,0.77116,0.53765,0.62737,0.33157,0.87616,0.1222,0.20799,0.13038,0.80031,0.92684,0.99824,0.92402,0.10396,0.29741,0.6429,0.045625,0.29558,0.72724,0.22403,0.31584,0.11695,0.50419,0.4669,0.57625
0.56612,0.54846,0.71182,0.58375,0.96354,0.18044,0.0013936,0.24093,0.16947,0.15632,0.85542,0.59553,0.54845,0.52103,0.96929,0.023798,0.52893,0.21844,0.90649,0.76458,0.41935,0.79038,0.43735,0.65491,0.18607,0.85922,0.98509,0.69451,0.17446,0.47066,0.92331,0.67628,0.25634,0.25415,0.87768,0.39362,0.73588,0.69879,0.090796,0.86412,0.18114,0.32842,0.89049,0.66179,0.69588,0.0091158,0.76876,0.99032,0.24817,0.43779,0.44948,0.15558,0.27614,0.88803,0.84772,0.45987,0.83656,0.84955,0.89095,0.80989,0.43693,0.14161,0.2305,0.78038,0.94245,0.8239,0.78757,0.39215,0.050963,0.68701,0.16555,0.78872,0.44313,0.2362,0.76932,0.070576,0.38436,0.61776,0.3547,0.85878,0.72253,0.50668,0.22602,0.058289,0.91801,0.79435,0.90301,0.17956,0.32371,0.12051,0.93092,0.51775,0.72554,0.030927,0.0077177,0.89513,0.043668,0.2372,0.40153,0.64919
0.095278,0.43775,0.097737,0.34372,0.15854,0.12385,0.59987,0.87845,0.94469,0.049747,0.99542,0.79236,0.85409,0.13974,0.13414,0.56054,0.30727,0.32106,0.88279,0.20414,0.74875,0.97291,0.046652,0.07933,0.1529,0.05446,0.25439,0.70504,0.10637,0.22613,0.6651,0.61174,0.78731,0.67559,0.52506,0.90409,0.32912,0.8791,0.15314,0.36218,0.74118,0.76876,0.61684,0.34262,0.92651,0.91631,0.15368,0.92276,0.49943,0.924,0.33878,0.33319,0.75077,0.12626,0.85881,0.36869,0.77087,0.76858,0.7547,0.74443,0.37942,0.76327,0.37086,0.42816,0.77928,0.32024,0.86527,0.78684,0.56146,0.28504,0.25321,0.32279,0.68122,0.45725,0.12771,0.85473,0.54263,0.25737,0.87546,0.44697,0.2104,0.23532,0.056591,0.46835,0.27331,0.071886,0.085894,0.77279,0.0013603,0.89053,0.51324,0.99998,0.026144,0.62242,0.10708,0.038002,0.83985,0.20885,0.80037,0.59444
0.79098,0.085692,0.062625,0.61706,0.57689,0.379,0.40509,0.52912,0.015023,0.75056,0.84114,0.59686,0.022673,0.3063,0.99471,0.032066,0.3874,0.91522,0.34022,0.79049,0.027949,0.23547,0.48441,0.062359,0.72071,0.66838,0.50196,0.42533,0.36734,0.55196,0.085493,0.90069,0.62826,0.052135,0.5016,0.23904,0.38346,0.15879,0.53107,0.59598,0.24163,0.37727,0.27185,0.30283,0.61443,0.021943,0.33292,0.47958,0.21207,0.081321,0.75914,0.1888,0.45462,0.33274,0.73421,0.052663,0.17329,0.97975,0.56136,0.71999,0.50367,0.42017,0.55047,0.19752,0.82166,0.47332,0.2451,0.94306,0.24916,0.23618,0.33801,0.29878,0.70068,0.73402,0.32989,0.19606,0.0031609,0.54037,0.26699,0.80471,0.89953,0.20672,0.58679,0.16664,0.53334,0.88034,0.29341,0.94387,0.84546,0.78699,0.92555,0.30472,0.0055027,0.18275,0.14607,0.69525,0.093623,0.97158,0.17542,0.9969
0.571,0.72403,0.13424,0.63543,0.66172,0.28441,0.81417,0.24979,0.13181,0.2283,0.21157,0.91634,0.00221,0.59673,0.87942,0.79135,0.59857,0.66332,0.12733,0.27346,0.28801,0.16755,0.59552,0.63504,0.83625,0.11027,0.2826,0.035708,0.56929,0.79338,0.0034598,0.39987,0.48114,0.45574,0.68478,0.73275,0.74286,0.72935,0.49175,0.81303,0.26315,0.12735,0.64614,0.39778,0.63447,0.35838,0.42144,0.055355,0.21659,0.95376,0.53732,0.1874,0.727,0.68249,0.60417,0.1461,0.33331,0.025862,0.34725,0.62904,0.87988,0.31215,0.52543,0.072717,0.93165,0.80507,0.53654,0.4224,0.053658,0.17355,0.071071,0.40111,0.79027,0.81697,0.30946,0.19827,0.0054181,0.036551,0.010311,0.78302,0.98254,0.8162,0.37063,0.46533,0.464,0.52497,0.90521,0.76283,0.81714,0.28905,0.98717,0.53102,0.29298,0.52702,0.43698,0.68807,0.21915,0.89765,0.96796,0.57823
0.74806,0.26028,0.0015848,0.86661,0.8361,0.62176,0.48655,0.65367,0.27768,0.78223,0.90942,0.91632,0.57023,0.21559,0.20574,0.69878,0.30727,0.27429,0.7308,0.29251,0.24222,0.29188,0.38029,0.47988,0.89662,0.76639,0.090373,0.53066,0.40369,0.34897,0.032597,0.95648,0.30022,0.40564,0.72363,0.28085,0.28346,0.58796,0.6892,0.86417,0.7017,0.46907,0.29108,0.34783,0.14896,0.37291,0.23398,0.63929,0.95162,0.69761,0.033272,0.94856,0.71775,0.90746,0.68499,0.36326,0.78445,0.77729,0.32643,0.48895,0.58575,0.71588,0.63879,0.75771,0.87365,0.042455,0.016866,0.60167,0.95821,0.54257,0.31112,0.90442,0.53096,0.36445,0.4611,0.1598,0.66639,0.72021,0.31108,0.031307,0.59121,0.87121,0.42046,0.0049909,0.00044587,0.98664,0.71594,0.34638,0.19877,0.85306,0.25719,0.93492,0.59198,0.035251,0.81646,0.24866,0.079007,0.73454,0.77847,0.018157
0.43361,0.90962,0.51337,0.13621,0.097026,0.20638,0.23265,0.81745,0.11312,0.29353,0.72537,0.14909,0.57953,0.8502,0.53476,0.16446,0.1593,0.65077,0.092618,0.6047,0.079262,0.20281,0.25536,0.5165,0.36977,0.8108,0.74849,0.86908,0.75903,0.10456,0.31732,0.64882,0.82622,0.59671,0.67873,0.56651,0.70486,0.75336,0.31269,0.33758,0.8986,0.95189,0.51408,0.87575,0.57105,0.45752,0.71928,0.30331,0.99715,0.19562,0.42467,0.63675,0.97412,0.44788,0.74248,0.48219,0.23447,0.095563,0.73405,0.72889,0.54175,0.89264,0.76807,0.30317,0.86158,0.018698,0.80266,0.55291,0.6357,0.81267,0.082824,0.9998,0.95215,0.47685,0.21307,0.32799,0.73183,0.72775,0.045035,0.040692,0.2476,0.49883,0.93147,0.881,0.81959,0.44874,0.28825,0.82317,0.76041,0.75966,0.31822,0.72382,0.7686,0.81914,0.63464,0.75604,0.75308,0.58674,0.58338,0.347
0.60512,0.81114,0.95971,0.1644,0.7245,0.96062,0.75115,0.43158,0.9618,0.60393,0.44236,0.41777,0.53732,0.63366,0.941,0.95828,0.36593,0.67581,0.0057894,0.11863,0.25672,0.75485,0.82578,0.74146,0.080308,0.31675,0.62719,0.2973,0.24443,0.11278,0.36858,0.21824,0.08712,0.8435,0.92918,0.6279,0.86857,0.67554,0.5327,0.4017,0.87207,0.94525,0.81326,0.14906,0.8555,0.73799,0.23193,0.30135,0.06246,0.49279,0.64518,0.066677,0.86001,0.60326,0.44142,0.58849,0.42938,0.015804,0.4265,0.014674,0.67392,0.79976,0.91164,0.43598,0.70869,0.27692,0.058557,0.35177,0.47686,0.8562,0.89713,0.67087,0.54793,0.85391,0.27509,0.094447,0.11963,0.7513,0.43315,0.20788,0.63764,0.0017657,0.80543,0.42143,0.10177,0.95595,0.39658,0.35248,0.48153,0.43009,0.28298,0.74611,0.31304,0.13834,0.1206,0.46381,0.93681,0.55868,0.24072,0.17746
0.89099,0.46122,0.33287,0.092931,0.13186,0.37912,0.57487,0.93149,0.088362,0.44274,0.6223,0.6084,0.63826,0.69222,0.746,0.15726,0.83982,0.90703,0.78656,0.74296,0.68953,0.58132,0.59123,0.7665,0.38677,0.2567,0.47624,0.7939,0.92724,0.074847,0.14341,0.7535,0.93401,0.13819,0.071385,0.82975,0.68338,0.97553,0.77979,0.65925,0.16665,0.18352,0.61085,0.26299,0.004305,0.31934,0.30196,0.62504,0.23515,0.68651,0.94387,0.39094,0.58419,0.17029,0.69378,0.22258,0.49279,0.31711,0.69104,0.56787,0.82436,0.14684,0.97223,0.24097,0.61512,0.36405,0.28781,0.3558,0.26393,0.004792,0.65085,0.25493,0.49075,0.53426,0.90089,0.93698,0.37676,0.71539,0.27009,0.89548,0.22423,0.30044,0.58519,0.21912,0.64049,0.10557,0.3806,0.91618,0.77031,0.47706,0.13412,0.0502,0.18992,0.47807,0.89307,0.17224,0.76327,0.10742,0.51837,0.99537
0.037498,0.722,0.57613,0.70079,0.20488,0.33587,0.79961,0.3958,0.42087,0.85561,0.096277,0.71993,0.87448,0.20758,0.88657,0.81711,0.24389,0.42892,0.32039,0.31133,0.58584,0.61487,0.46674,0.84436,0.78328,0.81148,0.66368,0.8769,0.031721,0.8252,0.47557,0.014361,0.032428,0.38743,0.82357,0.11112,0.30472,0.28881,0.80877,0.77563,0.498,0.43077,0.30216,0.28496,0.99782,0.58961,0.89532,0.96445,0.68198,0.83197,0.068623,0.2244,0.13823,0.31653,0.11717,0.54065,0.094579,0.67558,0.61042,0.21026,0.8925,0.51942,0.9185,0.66392,0.068539,0.63692,0.8282,0.46079,0.88199,0.76182,0.22117,0.33119,0.16454,0.16682,0.31347,0.62503,0.30922,0.12114,0.83598,0.88434,0.35087,0.57679,0.81389,0.19141,0.012188,0.77493,0.62534,0.80168,0.52797,0.13703,0.26729,0.80304,0.42656,0.6103,0.38002,0.33501,0.03178,0.63564,0.39881,0.79468
0.74784,0.24183,0.444,0.43662,0.77063,0.25568,0.96302,0.97276,0.75215,0.68238,0.088318,0.13308,0.16544,0.30196,0.4362,0.25752,0.87186,0.24774,0.21113,0.2671,0.96187,0.52946,0.13448,0.50923,0.12673,0.73519,0.31238,0.66711,0.9903,0.78648,0.22585,0.25492,0.45006,0.22376,0.61647,0.50906,0.31651,0.041308,0.91242,0.20867,0.56837,0.99315,0.62459,0.49439,0.48803,0.32802,0.77111,0.017845,0.24828,0.52546,0.91818,0.36579,0.5834,0.15391,0.31779,0.91671,0.21654,0.86135,0.43197,0.45956,0.037328,0.9575,0.005821,0.12677,0.33533,0.37799,0.45779,0.75138,0.83447,0.30133,0.64848,0.97266,0.7865,0.61723,0.89967,0.7783,0.8319,0.98429,0.13467,0.21838,0.5522,0.81795,0.56457,0.14109,0.04532,0.41016,0.13373,0.6869,0.94965,0.89754,0.45826,0.6453,0.31174,0.36811,0.96552,0.062869,0.70066,0.5342,0.82767,0.26704
0.75327,0.15319,0.86965,0.18976,0.5788,0.51455,0.65994,0.29056,0.93462,0.74476,0.79341,0.42291,0.038211,0.23272,0.022392,0.14467,0.49551,0.38529,0.65207,0.21894,0.94081,0.64981,0.75827,0.16581,0.8642,0.62504,0.16545,0.88384,0.68686,0.6257,0.72634,0.58055,0.7111,0.86729,0.027109,0.21925,0.6339,0.69126,0.40643,0.085142,0.79203,0.60797,0.73255,0.81949,0.39338,0.34403,0.56635,0.71514,0.54849,0.7534,0.83373,0.29722,0.94085,0.58984,0.11157,0.61467,0.66597,0.90738,0.77647,0.92166,0.27871,0.97579,0.11422,0.49529,0.9518,0.30748,0.80082,0.45367,0.405,0.42233,0.84163,0.62018,0.32318,0.096921,0.768,0.94964,0.41605,0.7456,0.48891,0.82879,0.45543,0.31559,0.72968,0.91373,0.06195,0.59989,0.68528,0.24328,0.58889,0.60093,0.62701,0.85632,0.83007,0.32563,0.46729,0.51666,0.5849,0.97722,0.27212,0.51408
0.20476,0.20746,0.15051,0.047654,0.41582,0.74618,0.42371,0.37439,0.53341,0.52977,0.63616,0.94505,0.58844,0.98387,0.47337,0.62069,0.32367,0.99976,0.45189,0.010947,0.50371,0.78997,0.3733,0.61311,0.53131,0.71652,0.68176,0.71678,0.87968,0.58998,0.28664,0.58924,0.44684,0.56292,0.47055,0.4596,0.8944,0.33476,0.68067,0.64062,0.98391,0.022167,0.75092,0.97065,0.50987,0.81291,0.7847,0.61592,0.36205,0.81905,0.50922,0.0067534,0.98367,0.014936,0.89165,0.39099,0.65978,0.62774,0.20241,0.64408,0.61986,0.10206,0.94884,0.84404,0.52935,0.48006,0.98709,0.87051,0.74546,0.29785,0.046693,0.12623,0.54023,0.27175,0.73884,0.4279,0.057566,0.4898,0.91296,0.085873,0.28068,0.28865,0.041548,0.53126,0.12234,0.46549,0.099286,0.87861,0.42224,0.36169,0.73894,0.77237,0.44066,0.99445,0.19441,0.88978,0.35946,0.25662,0.87005,0.87346
0.51578,0.62526,0.29139,0.34321,0.23622,0.45166,0.80197,0.21119,0.60338,0.024462,0.28256,0.32915,0.82891,0.72113,0.80443,0.539,0.24663,0.55402,0.76257,0.99247,0.38795,0.25498,0.086433,0.3173,0.85728,0.92923,0.86893,0.38548,0.1912,0.61986,0.24228,0.80587,0.92675,0.95201,0.54016,0.067482,0.010731,0.77647,0.81915,0.61531,0.48377,0.14439,0.51148,0.47401,0.11331,0.75197,0.50769,0.9592,0.30033,0.77633,0.31979,0.050654,0.64608,0.75972,0.15915,0.2012,0.14919,0.0097796,0.82997,0.25655,0.87859,0.23507,0.37181,0.85677,0.2449,0.97009,0.15285,0.79694,0.79221,0.56995,0.18677,0.63165,0.4355,0.23341,0.43022,0.91875,0.59208,0.83406,0.44486,0.74123,0.74769,0.98607,0.52611,0.15658,0.66505,0.13581,0.77017,0.63876,0.53588,0.063139,0.18804,0.76128,0.88089,0.11591,0.73922,0.87109,0.96926,0.47762,0.21555,0.3609
0.39001,0.43402,0.38242,0.70298,0.4818,0.66752,0.053396,0.37947,0.34295,0.00064734,0.73688,0.5554,0.89361,0.99625,0.72496,0.26443,0.83369,0.79001,0.60675,0.28081,0.038671,0.37163,0.17905,0.041778,0.78377,0.96661,0.81968,0.78468,0.21732,0.84186,0.41454,0.34805,0.23842,0.21066,0.89296,0.13314,0.34779,0.35515,0.45826,0.25353,0.32563,0.21479,0.39298,0.56567,0.47897,0.79205,0.35819,0.26101,0.78082,0.036612,0.70449,0.049268,0.48761,0.79101,0.38455,0.28319,0.48868,0.15104,0.60069,0.64126,0.83579,0.07581,0.57187,0.95626,0.543,0.7511,0.48705,0.54686,0.65762,0.47116,0.76137,0.17583,0.24255,0.8635,0.66958,0.25158,0.14606,0.075595,0.62579,0.48529,0.6449,0.404,0.83037,0.73363,0.99291,0.46103,0.24973,0.91237,0.24283,0.97502,0.21457,0.092103,0.31031,0.79253,0.099132,0.69097,0.50953,0.28312,0.099934,0.7643
0.19582,0.20948,0.81102,0.51183,0.19411,0.020507,0.77348,0.42858,0.37803,0.83013,0.31785,0.53747,0.91964,0.88627,0.31879,0.72497,0.86709,0.15746,0.90949,0.19548,0.91776,0.2571,0.23983,0.40944,0.86755,0.031246,0.27209,0.98946,0.87282,0.82344,0.17123,0.12497,0.8287,0.15207,0.58573,0.70505,0.91297,0.9327,0.25166,0.28744,0.90902,0.29469,0.41526,0.73179,0.87274,0.092523,0.52245,0.67719,0.54425,0.59237,0.6607,0.34645,0.20079,0.81042,0.24745,0.11612,0.15656,0.21034,0.78838,0.95256,0.82371,0.72593,0.52853,0.66053,0.11251,0.54941,0.49514,0.48533,0.47487,0.40043,0.16856,0.10492,0.77674,0.86487,0.26984,0.27853,0.18059,0.90768,0.48378,0.55821,0.28504,0.76254,0.32805,0.27752,0.69672,0.92615,0.47831,0.77671,0.94437,0.85876,0.23433,0.54168,0.11905,0.40476,0.93598,0.16003,0.90484,0.79683,0.25145,0.3622
0.54788,0.88106,0.94723,0.83121,0.96172,0.83899,0.13729,0.94879,0.65343,0.078946,0.43621,0.91183,0.25675,0.625,0.9913,0.99757,0.36255,0.73684,0.41523,0.81709,0.65008,0.67076,0.67067,0.3886,0.71021,0.23862,0.46034,0.60191,0.35676,0.18882,0.94821,0.66951,0.11859,0.079082,0.65911,0.49639,0.0012884,0.98242,0.75178,0.54558,0.17705,0.91101,0.52737,0.44893,0.38522,0.42592,0.69289,0.35575,0.03272,0.5925,0.15008,0.80524,0.7276,0.27665,0.36219,0.78128,0.87695,0.87935,0.90761,0.96678,0.80211,0.3886,0.28565,0.64078,0.30854,0.41815,0.73942,0.24007,0.28121,0.91787,0.19559,0.28594,0.49132,0.055343,0.23031,0.60445,0.92171,0.057739,0.47922,0.60122,0.8163,0.23439,0.17814,0.22474,0.65735,0.294,0.93628,0.55507,0.96328,0.6134,0.40472,0.4441,0.90365,0.98257,0.37219,0.95075,0.89598,0.43549,0.68671,0.49121
0.40788,0.4207,0.75786,0.68108,0.98556,0.25392,0.57956,0.3259,0.98088,0.81496,0.55704,0.90753,0.11806,0.80516,0.3611,0.7862,0.80025,0.12441,0.64986,0.99272,0.57407,0.83484,0.48629,0.20614,0.98087,0.26474,0.70389,0.60777,0.96367,0.71932,0.41373,0.10412,0.82125,0.099998,0.30574,0.23228,0.10381,0.085031,0.016953,0.073444,0.046946,0.11428,0.44109,0.45473,0.06748,0.663,0.98129,0.052692,0.78061,0.059612,0.3489,0.6376,0.73995,0.8114,0.52601,0.359,0.1656,0.87846,0.12974,0.46771,0.65271,0.26612,0.32741,0.83632,0.68332,0.32584,0.8485,0.85378,0.040859,0.21653,0.48894,0.29594,0.25834,0.15476,0.32831,0.89865,0.50308,0.23077,0.28961,0.77521,0.22986,0.1579,0.27406,0.78904,0.79292,0.5907,0.58569,0.92713,0.70265,0.55086,0.36254,0.53437,0.92148,0.69202,0.69642,0.22201,0.5423,0.44929,0.18231,0.78775
0.38758,0.67269,0.62757,0.53504,0.1407,0.80083,0.33635,0.10863,0.96094,0.58671,0.41696,0.16618,0.61505,0.011375,0.20638,0.32555,0.46426,0.52023,0.018229,0.25492,0.64746,0.61743,0.37531,0.7505,0.8869,0.94248,0.16003,0.54843,0.90136,0.74171,0.54428,0.86023,0.70366,0.80805,0.3339,0.18522,0.1433,0.49768,0.49025,0.036066,0.96766,0.096715,0.17048,0.25178,0.85057,0.20135,0.041293,0.45024,0.60855,0.13404,0.27062,0.73028,0.52443,0.58381,0.43417,0.84864,0.033161,0.092596,0.42822,0.98134,0.54843,0.8276,0.20864,0.17858,0.53595,0.9329,0.35194,0.39229,0.6279,0.57875,0.74,0.51947,0.78773,0.58865,0.50256,0.56248,0.13126,0.21379,0.56105,0.95064,0.34363,0.27237,0.74539,0.29191,0.21269,0.095659,0.028243,0.24288,0.63026,0.86812,0.46221,0.851,0.23331,0.85581,0.0015932,0.29637,0.76282,0.075978,0.53345,0.55119
0.47215,0.43781,0.38562,0.7903,0.89671,0.83517,0.021688,0.32105,0.074776,0.3666,0.11079,0.20085,0.72817,0.18293,0.44405,0.31412,0.81862,0.69703,0.99617,0.07641,0.66127,0.50257,0.70485,0.10022,0.95422,0.37379,0.23532,0.49883,0.12414,0.29105,0.72439,0.68267,0.29832,0.76825,0.92691,0.71493,0.72274,0.45255,0.20122,0.16736,0.18942,0.76386,0.1744,0.93602,0.033364,0.78738,0.54756,0.11079,0.23392,0.22809,0.24801,0.86321,0.93728,0.47675,0.35739,0.43403,0.098318,0.95199,0.73333,0.79508,0.042346,0.26885,0.36308,0.40928,0.62922,0.6548,0.61729,0.56763,0.78187,0.20481,0.60928,0.29439,0.47097,0.27814,0.61951,0.29381,0.43926,0.045414,0.99106,0.8049,0.65883,0.41932,0.080691,0.084078,0.33217,0.9201,0.30902,0.079069,0.30716,0.17293,0.83911,0.5702,0.76878,0.19285,0.14579,0.1382,0.53643,0.74502,0.42323,0.68108
0.89274,0.96793,0.4831,0.028734,0.14118,0.2661,0.052351,0.043781,0.59444,0.97533,0.38622,0.45148,0.31349,0.64198,0.68973,0.99577,0.80367,0.92029,0.89513,0.14186,0.28269,0.23079,0.012493,0.82011,0.55103,0.51028,0.16977,0.88361,0.090751,0.71717,0.47467,0.64815,0.60274,0.19228,0.021349,0.90247,0.71299,0.34816,0.045769,0.016035,0.31481,0.47778,0.18014,0.41018,0.51278,0.83461,0.63976,0.45053,0.83165,0.58936,0.79606,0.86894,0.31738,0.86155,0.42518,0.47585,0.49766,0.31535,0.60678,0.29971,0.8244,0.50442,0.73646,0.2504,0.17396,0.58497,0.68187,0.67268,0.081591,0.051652,0.61994,0.44245,0.75097,0.23254,0.87252,0.77226,0.72201,0.9017,0.50224,0.95959,0.2291,0.60589,0.45888,0.88162,0.59333,0.9532,0.19426,0.045277,0.36988,0.12861,0.46493,0.84692,0.56389,0.27905,0.37751,0.15279,0.36236,0.28305,0.83225,0.90341
0.33487,0.77663,0.7592,0.38597,0.43251,0.49017,0.36047,0.95701,0.96316,0.26994,0.78176,0.74287,0.13448,0.44373,0.94443,0.81283,0.42291,0.54059,0.65809,0.27208,0.08237,0.99776,0.22839,0.43008,0.30542,0.3118,0.64507,0.3519,0.25867,0.47267,0.34061,0.1424,0.35329,0.96608,0.7619,0.6543,0.98777,0.00059294,0.62479,0.59565,0.80554,0.28702,0.71242,0.021089,0.94551,0.163,0.5126,0.85079,0.89111,0.7195,0.27779,0.59723,0.53777,0.59647,0.81766,0.4024,0.62379,0.76551,0.62626,0.24351,0.74613,0.91785,0.94485,0.2293,0.42447,0.78194,0.90429,0.7617,0.71045,0.55766,0.64193,0.85595,0.47391,0.14846,0.22956,0.41275,0.99101,0.69356,0.15481,0.83765,0.8214,0.73109,0.91319,0.19636,0.39254,0.075087,0.85102,0.388,0.71878,0.81746,0.2155,0.79961,0.90925,0.68912,0.95275,0.10359,0.97227,0.49639,0.26573,0.90008
0.60867,0.30126,0.12588,0.6784,0.82886,0.077543,0.97703,0.9461,0.96918,0.014778,0.946,0.6405,0.99994,0.35522,0.73582,0.62321,0.82768,0.033671,0.72455,0.98769,0.090155,0.65969,0.83748,0.2899,0.4221,0.99584,0.42416,0.061812,0.86491,0.97112,0.25222,0.735,0.57001,0.68342,0.44662,0.74039,0.047272,0.93118,0.66877,0.32127,0.78255,0.67505,0.76949,0.83763,0.78934,0.27548,0.8275,0.20268,0.55751,0.88871,0.68464,0.99049,0.50861,0.48176,0.50514,0.90981,0.64425,0.60812,0.33064,0.29291,0.4198,0.56195,0.32837,0.8139,0.37701,0.58976,0.60598,0.74011,0.73041,0.84816,0.4577,0.50974,0.76075,0.62243,0.31523,0.59164,0.66385,0.78525,0.14812,0.74956,0.033333,0.52598,0.89571,0.99547,0.77003,0.3966,0.64997,0.36106,0.89953,0.58507,0.85373,0.39083,0.94423,0.78219,0.50594,0.43287,0.14715,0.25004,0.27243,0.24204
0.59506,0.5932,0.56782,0.23391,0.38403,0.21754,0.085352,0.70778,0.24448,0.15537,0.010147,0.92084,0.088399,0.4883,0.193,0.71517,0.50564,0.95175,0.48836,0.72977,0.76587,0.58122,0.7393,0.99332,0.020735,0.54031,0.10385,0.72053,0.41016,0.68836,0.54439,0.42095,0.92235,0.82999,0.32288,0.29193,0.42389,0.088706,0.91264,0.37318,0.21289,0.17921,0.047311,0.14978,0.059115,0.70506,0.87481,0.054353,0.30733,0.1391,0.61868,0.63694,0.52898,0.70236,0.50776,0.71594,0.89995,0.14706,0.94984,0.16235,0.27602,0.75457,0.027461,0.42342,0.78578,0.014426,0.70276,0.94555,0.020319,0.36125,0.37784,0.079325,0.91869,0.7956,0.2922,0.35919,0.95749,0.36279,0.46782,0.36608,0.85021,0.22598,0.2912,0.13854,0.89746,0.92555,0.85924,0.57522,0.65121,0.78703,0.41395,0.27794,0.37594,0.9119,0.88564,0.909,0.21539,0.76336,0.15969,0.75829
0.46427,0.53762,0.38024,0.20513,0.64918,0.52227,0.3377,0.85684,0.60663,0.97739,0.2099,0.9294,0.92171,0.6686,0.87175,0.15331,0.14619,0.75415,0.82577,0.48731,0.33626,0.1328,0.81882,0.67673,0.48677,0.72669,0.12616,0.83592,0.25414,0.82723,0.67618,0.67769,0.96115,0.48797,0.72806,0.21188,0.57027,0.93512,0.22498,0.4199,0.046166,0.098535,0.1429,0.74567,0.68464,0.66796,0.53195,0.024541,0.70309,0.073955,0.18543,0.33683,0.15083,0.89908,0.071379,0.28838,0.23169,0.50377,0.97139,0.76277,0.34921,0.67775,0.17474,0.93956,0.32014,0.70485,0.78129,0.79234,0.28993,0.017108,0.61272,0.27213,0.91601,0.98182,0.20568,0.38269,0.11202,0.79126,0.4244,0.010802,0.1923,0.78016,0.7226,0.80501,0.78259,0.77769,0.73856,0.88343,0.090143,0.4354,0.90755,0.50839,0.16066,0.20413,0.47377,0.52074,0.73899,0.077037,0.94709,0.84374
0.51996,0.66639,0.028163,0.80716,0.75458,0.26374,0.19566,0.14446,0.71162,0.11524,0.66595,0.96585,0.059303,0.27315,0.83761,0.72823,0.000206,0.78866,0.076725,0.8868,0.77293,0.89034,0.67341,0.15632,0.20722,0.67323,0.35966,0.36183,0.53442,0.88558,0.97693,0.36384,0.40485,0.11844,0.86262,0.37834,0.092952,0.48339,0.38301,0.86277,0.97776,0.57894,0.69481,0.79541,0.32832,0.16593,0.14923,0.20684,0.062799,0.91864,0.87495,0.7823,0.39976,0.31887,0.6376,0.78965,0.89325,0.39258,0.24372,0.7108,0.94823,0.71967,0.021614,0.38475,0.88909,0.786,0.88999,0.45052,0.31622,0.46785,0.17284,0.30214,0.48862,0.33998,0.37304,0.42957,0.15266,0.92352,0.12928,0.62032,0.87956,0.46136,0.13081,0.36706,0.34579,0.10979,0.52744,0.92778,0.33754,0.09472,0.84501,0.41468,0.76085,0.62953,0.32242,0.49438,0.44944,0.41372,0.42198,0.53769
0.89242,0.19655,0.075223,0.56177,0.90308,0.58935,0.83172,0.95647,0.753,0.2341,0.35108,0.23292,0.80668,0.798,0.89958,0.47602,0.77508,0.30203,0.27733,0.055485,0.080192,0.14231,0.85097,0.33036,0.43209,0.95005,0.66714,0.49447,0.37466,0.24208,0.72549,0.1135,0.34703,0.10429,0.41214,0.12874,0.38032,0.64622,0.029199,0.35251,0.51288,0.22211,0.28539,0.76419,0.18015,0.90623,0.33971,0.17581,0.21212,0.75602,0.66172,0.33129,0.77359,0.11511,0.011265,0.26956,0.76806,0.71204,0.15917,0.94478,0.015378,0.41098,0.78662,0.49489,0.69665,0.5242,0.74338,0.55769,0.85243,0.66757,0.68902,0.28014,0.55739,0.58436,0.24644,0.90119,0.75052,0.97191,0.9278,0.41056,0.52685,0.077661,0.19608,0.69827,0.091307,0.77321,0.18504,0.054561,0.0056694,0.22467,0.49733,0.7596,0.7498,0.37528,0.16238,0.48089,0.29416,0.089912,0.92095,0.2479
0.36219,0.32372,0.4019,0.15178,0.6892,0.73001,0.79928,0.83978,0.55279,0.46907,0.30045,0.73595,0.69186,0.80043,0.16762,0.34795,0.1605,0.13255,0.82644,0.60902,0.75188,0.94812,0.32387,0.81225,0.94541,0.77203,0.61012,0.18324,0.34924,0.091918,0.56592,0.90427,0.18066,0.22106,0.90974,0.17075,0.66977,0.63408,0.080803,0.38287,0.60113,0.55716,0.65882,0.015476,0.2123,0.57272,0.83531,0.60624,0.84481,0.81943,0.7826,0.3465,0.94476,0.55628,0.21386,0.46948,0.18332,0.18612,0.59145,0.42038,0.77023,0.56293,0.77129,0.53457,0.62801,0.2883,0.15389,0.49336,0.75099,0.0296,0.037713,0.774,0.65315,0.73558,0.22196,0.80214,0.35295,0.23118,0.55333,0.43225,0.51111,0.053423,0.66079,0.40309,0.037777,0.10177,0.0052547,0.40165,0.48137,0.82623,0.14574,0.52676,0.14419,0.090277,0.28007,0.68979,0.93724,0.92957,0.98132,0.395
0.81733,0.76174,0.56725,0.053214,0.42675,0.93475,0.59999,0.19239,0.89351,0.52257,0.28009,0.3122,0.82348,0.93996,0.89065,0.76598,0.94532,0.50796,0.28832,0.73737,0.43456,0.87624,0.46934,0.14219,0.54641,0.042132,0.45179,0.46684,0.20374,0.39495,0.30914,0.50104,0.039956,0.24727,0.5749,0.3047,0.33186,0.84057,0.14211,0.17301,0.64775,0.4729,0.95439,0.30793,0.45132,0.70164,0.068329,0.52332,0.18304,0.8813,0.94085,0.49611,0.46542,0.96627,0.2802,0.81404,0.8974,0.80744,0.26135,0.071627,0.45394,0.68754,0.24043,0.71002,0.60624,0.27418,0.21303,0.11098,0.85681,0.34885,0.34716,0.78633,0.1369,0.63369,0.7378,0.68742,0.9923,0.87131,0.8851,0.81463,0.21835,0.23155,0.92524,0.13865,0.32705,0.13737,0.056338,0.17473,0.47702,0.5137,0.71124,0.68534,0.74978,0.85456,0.17528,0.37643,0.13526,0.38084,0.57567,0.1393
0.94358,0.66436,0.34397,0.34765,0.11104,0.72257,0.15106,0.51771,0.13996,0.35931,0.17693,0.98504,0.24366,0.12284,0.60917,0.18416,0.58343,0.90914,0.35221,0.34875,0.46279,0.45581,0.059627,0.011457,0.38684,0.43734,0.013677,0.090227,0.36063,0.37961,0.96571,0.29681,0.40008,0.36251,0.58942,0.94998,0.51142,0.39943,0.23938,0.78283,0.14539,0.1023,0.94052,0.13506,0.010446,0.060072,0.56809,0.36509,0.90025,0.27292,0.0077767,0.21801,0.090702,0.11252,0.83719,0.75347,0.60115,0.65217,0.74918,0.84815,0.39834,0.74605,0.0091056,0.29264,0.48739,0.023954,0.49335,0.35654,0.72042,0.39986,0.24904,0.74114,0.1131,0.098633,0.91918,0.54411,0.53748,0.089644,0.91971,0.96343,0.082103,0.95115,0.72515,0.84181,0.86344,0.33008,0.48822,0.98116,0.42998,0.65855,0.14042,0.28288,0.7793,0.5874,0.41427,0.5187,0.77347,0.59139,0.17793,0.0089409
0.76128,0.78235,0.081074,0.62021,0.49624,0.22779,0.24712,0.27607,0.79062,0.50634,0.65638,0.40734,0.3383,0.033746,0.35751,0.56439,0.90213,0.50575,0.67672,0.31492,0.065005,0.50564,0.52766,0.92327,0.69099,0.63755,0.95114,0.92677,0.79503,0.89855,0.9244,0.64812,0.99403,0.069321,0.0020077,0.52911,0.26219,0.90079,0.2253,0.32157,0.45079,0.96616,0.9467,0.14454,0.24335,0.79109,0.25555,0.27129,0.099545,0.26886,0.33557,0.99415,0.055098,0.66899,0.41901,0.61163,0.95441,0.52187,0.093157,0.81762,0.96013,0.68028,0.37819,0.012323,0.23573,0.86164,0.93555,0.68219,0.81019,0.29099,0.95886,0.87511,0.61023,0.15452,0.63108,0.13473,0.98695,0.19415,0.93552,0.69749,0.72781,0.68038,0.46999,0.1017,0.3209,0.81098,0.17412,0.30165,0.42203,0.68642,0.98826,0.21703,0.47769,0.42148,0.75233,0.54291,0.84928,0.36923,0.079793,0.66812
0.926,0.51241,0.6763,0.93519,0.85587,0.81063,0.51884,0.4309,0.99601,0.37246,0.10341,0.6447,0.97375,0.75308,0.3424,0.16253,0.54837,0.93217,0.95065,0.4553,0.33017,0.045333,0.8061,0.98419,0.40748,0.96329,0.93782,0.90536,0.87634,0.15417,0.21247,0.332,0.29377,0.29272,0.901,0.44722,0.15743,0.23389,0.58034,0.32172,0.034748,0.9717,0.92914,0.96232,0.28119,0.72254,0.47894,0.81166,0.75861,0.98862,0.96001,0.20373,0.85047,0.45667,0.7765,0.20941,0.26422,0.39884,0.95889,0.70742,0.30667,0.21632,0.29107,0.81547,0.31534,0.5095,0.76857,0.74865,0.16355,0.59929,0.13161,0.42929,0.67707,0.65943,0.088402,0.49272,0.71428,0.75917,0.91203,0.048421,0.88208,0.15181,0.62913,0.15484,0.58586,0.56962,0.48379,0.89552,0.87366,0.18348,0.19232,0.96,0.78664,0.35561,0.81714,0.51652,0.30391,0.29934,0.47045,0.74666
0.38328,0.23705,0.10669,0.73634,0.42602,0.69179,0.67732,0.78791,0.44696,0.79208,0.7209,0.28654,0.27945,0.37992,0.69798,0.098527,0.15105,0.08233,0.44998,0.50658,0.3918,0.35106,0.08757,0.41469,0.21848,0.72636,0.60806,0.094955,0.86002,0.76021,0.13461,0.91302,0.73286,0.88657,0.46186,0.79005,0.0082556,0.25431,0.49255,0.080205,0.75475,0.22506,0.60099,0.25343,0.62534,0.16286,0.20717,0.70215,0.34116,0.40648,0.62526,0.15219,0.56653,0.34081,0.47412,0.9378,0.53934,0.83392,0.64634,0.921,0.89564,0.49073,0.88754,0.10194,0.12724,0.87884,0.42744,0.7176,0.65259,0.6688,0.97768,0.51521,0.72769,0.7427,0.024558,0.97216,0.65469,0.29142,0.12395,0.78821,0.501,0.98875,0.47741,0.9281,0.39708,0.60682,0.17561,0.99563,0.91872,0.40931,0.87351,0.66469,0.5976,0.85728,0.68493,0.32235,0.54129,0.23997,0.70652,0.8201
0.72062,0.71369,0.81874,0.57464,0.66143,0.75724,0.26991,0.13151,0.44751,0.89731,0.92119,0.20963,0.14388,0.14943,0.83272,0.64366,0.014205,0.21244,0.54702,0.50993,0.18649,0.2297,0.4925,0.24966,0.55504,0.11845,0.70436,0.65632,0.80922,0.86476,0.6633,0.66189,0.58707,0.96069,0.32393,0.3216,0.69852,0.37104,0.008867,0.055644,0.25485,0.81904,0.50853,0.74361,0.14622,0.50141,0.080292,0.19771,0.47734,0.11632,0.51666,0.80053,0.74686,0.77389,0.41873,0.1627,0.8052,0.36855,0.26456,0.63989,0.46184,0.38293,0.01281,0.6982,0.71814,0.68323,0.30352,0.36147,0.59818,0.98422,0.29551,0.69085,0.99638,0.82168,0.89913,0.23654,0.89958,0.55721,0.94255,0.41114,0.07238,0.65477,0.67869,0.42238,0.8688,0.74797,0.734,0.074296,0.84653,0.73995,0.31831,0.20195,0.95372,0.115,0.78319,0.99815,0.80613,0.64085,0.68086,0.0026819
0.088103,0.11928,0.77494,0.82505,0.08777,0.76061,0.4785,0.85445,0.77424,0.7727,0.31658,0.76936,0.99153,0.38676,0.78034,0.54252,0.48954,0.76535,0.56567,0.4318,0.41664,0.41585,0.12219,0.76116,0.65576,0.54776,0.12853,0.45081,0.050964,0.34515,0.21909,0.099303,0.80321,0.65622,0.20654,0.13181,0.39387,0.25841,0.905,0.3957,0.45274,0.96776,0.23397,0.37636,0.67809,0.52211,0.14575,0.66396,0.35408,0.2472,0.94622,0.9356,0.035486,0.97708,0.34637,0.8235,0.26412,0.4995,0.49042,0.67243,0.20188,0.79286,0.78756,0.32102,0.26463,0.72703,0.57823,0.24113,0.13061,0.97662,0.64348,0.95912,0.69527,0.53774,0.26795,0.48537,0.3439,0.81581,0.94128,0.88036,0.47802,0.16608,0.057015,0.14049,0.0081948,0.34353,0.01458,0.49101,0.046512,0.53251,0.044869,0.45001,0.12576,0.15921,0.24827,0.19962,0.85761,0.53011,0.44908,0.54044
0.26109,0.87363,0.311,0.46059,0.86441,0.56485,0.99894,0.51983,0.037802,0.90881,0.74981,0.77545,0.59769,0.55948,0.92016,0.38349,0.47987,0.52684,0.7777,0.4337,0.75741,0.30855,0.55592,0.80159,0.27274,0.87229,0.41333,0.63232,0.2245,0.33172,0.80612,0.71985,0.73378,0.13172,0.8846,0.28591,0.41493,0.13735,0.85284,0.61961,0.0049582,0.16806,0.71592,0.11517,0.33363,0.84578,0.10149,0.92151,0.90553,0.91968,0.041235,0.40662,0.74535,0.6103,0.04594,0.52253,0.33704,0.79827,0.76559,0.7093,0.86362,0.16554,0.26409,0.39555,0.77416,0.93716,0.57186,0.33384,0.9419,0.97,0.42773,0.55596,0.11148,0.28526,0.31207,0.18886,0.89413,0.12249,0.074235,0.37906,0.75998,0.74145,0.89083,0.25202,0.52429,0.18066,0.19283,0.76646,0.98387,0.94186,0.59424,0.99077,0.0075651,0.18062,0.90237,0.18649,0.57413,0.71907,0.19043,0.8654
0.0041884,0.42246,0.8168,0.93656,0.87119,0.36879,0.3863,0.35006,0.66565,0.062385,0.72059,0.82908,0.24502,0.36828,0.41206,0.74888,0.94051,0.43926,0.23876,0.54352,0.99003,0.92347,0.28231,0.63163,0.90307,0.99249,0.18166,0.34605,0.07231,0.91293,0.37273,0.20986,0.62744,0.61031,0.69034,0.22015,0.92731,0.38951,0.13644,0.10125,0.27544,0.5231,0.28711,0.95199,0.56772,0.76817,0.90583,0.47932,0.89221,0.06807,0.78485,0.24378,0.56422,0.27788,0.15186,0.24819,0.72657,0.75526,0.50866,0.60197,0.7583,0.17202,0.77299,0.40178,0.75589,0.86972,0.82925,0.96879,0.44749,0.0006181,0.80752,0.59277,0.75301,0.93985,0.37868,0.074202,0.42221,0.74666,0.69285,0.38699,0.74458,0.46734,0.31233,0.76724,0.33874,0.98523,0.34438,0.60641,0.42578,0.37534,0.58983,0.44308,0.13635,0.31195,0.89652,0.83675,0.75251,0.43891,0.095719,0.12352
0.49356,0.20109,0.48437,0.2131,0.23027,0.39329,0.45986,0.33475,0.35853,0.061732,0.65637,0.59324,0.50374,0.1249,0.23057,0.72037,0.78521,0.096933,0.91295,0.75988,0.64707,0.58624,0.68728,0.21892,0.64824,0.28952,0.93938,0.32203,0.098109,0.85788,0.73835,0.27871,0.31432,0.88972,0.60625,0.17553,0.65836,0.8346,0.36605,0.62953,0.90061,0.36208,0.91095,0.89767,0.34211,0.48086,0.10473,0.56647,0.17061,0.64783,0.5425,0.02282,0.47001,0.6076,0.45637,0.013272,0.40979,0.82966,0.30686,0.81013,0.28689,0.24064,0.96995,0.33509,0.99099,0.67503,0.0050498,0.061038,0.87478,0.47867,0.87868,0.92676,0.27751,0.96899,0.48821,0.9507,0.76132,0.3911,0.90065,0.14668,0.52564,0.50331,0.06776,0.17993,0.72051,0.81147,0.46275,0.44508,0.0039123,0.33297,0.77173,0.28802,0.62667,0.13202,0.52131,0.058579,0.66661,0.77488,0.76557,0.64117
0.73647,0.27725,0.14244,0.32991,0.60933,0.80221,0.62063,0.40246,0.66588,0.65298,0.83472,0.36456,0.28125,0.6129,0.998,0.94749,0.51389,0.26142,0.061818,0.85075,0.86324,0.9206,0.79894,0.58003,0.43977,0.064035,0.081327,0.64662,0.087406,0.58549,0.42439,0.41589,0.70034,0.7581,0.77101,0.58429,0.43574,0.6018,0.50097,0.12948,0.80227,0.24699,0.97968,0.40211,0.65081,0.14387,0.49051,0.43235,0.61454,0.84512,0.35267,0.84655,0.053611,0.91484,0.88442,0.88243,0.96614,0.056388,0.8271,0.51542,0.84961,0.79642,0.86625,0.46004,0.32621,0.08253,0.18091,0.3584,0.45077,0.91666,0.52557,0.23619,0.68133,0.66227,0.41057,0.46088,0.34359,0.83034,0.39244,0.79182,0.55333,0.58552,0.22511,0.95921,0.98236,0.18368,0.72307,0.57182,0.071409,0.39966,0.28081,0.43502,0.30099,0.082182,0.54081,0.60432,0.87613,0.20374,0.6241,0.58681
0.070288,0.85825,0.46534,0.13814,0.28034,0.59332,0.84104,0.52357,0.56817,0.40116,0.67057,0.62521,0.77132,0.39675,0.050781,0.99142,0.78573,0.79092,0.299,0.60512,0.61872,0.4794,0.3606,0.94479,0.77232,0.90984,0.40668,0.98296,0.18377,0.054579,0.1808,0.55951,0.99552,0.082037,0.59457,0.79361,0.45458,0.54318,0.0097016,0.038345,0.22493,0.36059,0.89128,0.031363,0.27325,0.51242,0.81979,0.69366,0.25134,0.58634,0.96846,0.52413,0.70268,0.30072,0.27986,0.27099,0.77789,0.91345,0.67763,0.9658,0.25411,0.13575,0.41753,0.81419,0.063208,0.56176,0.64703,0.20875,0.65184,0.13345,0.31411,0.068464,0.7308,0.70033,0.3279,0.45713,0.41511,0.32508,0.36721,0.15633,0.67489,0.28529,0.27256,0.82895,0.89664,0.064482,0.22693,0.5977,0.91942,0.61033,0.55641,0.34731,0.74787,0.96998,0.73756,0.98944,0.90626,0.53031,0.67745,0.53772
0.598,0.37904,0.8935,0.57943,0.3145,0.63936,0.49212,0.11762,0.65911,0.97754,0.93368,0.090938,0.82566,0.6081,0.50931,0.94717,0.26654,0.6403,0.3259,0.20039,0.43212,0.60961,0.0016371,0.85034,0.099785,0.73678,0.096792,0.0096975,0.91109,0.5812,0.21221,0.13038,0.64149,0.24294,0.94471,0.80859,0.65931,0.17366,0.8162,0.81686,0.415,0.096785,0.4226,0.79838,0.87394,0.14977,0.39996,0.5807,0.03051,0.086348,0.46232,0.2682,0.27027,0.46405,0.82751,0.40898,0.3724,0.51652,0.47612,0.1844,0.66868,0.80083,0.15775,0.24769,0.48587,0.74478,0.78529,0.65232,0.49943,0.24767,0.3964,0.54336,0.77792,0.31638,0.67423,0.99499,0.42608,0.88937,0.40365,0.45795,0.80794,0.94892,0.97697,0.084336,0.4114,0.33266,0.55311,0.73885,0.53586,0.28408,0.88612,0.59065,0.17066,0.052266,0.22509,0.92634,0.80101,0.46017,0.50383,0.090638
0.64509,0.90301,0.51792,0.29463,0.050983,0.84737,0.25069,0.97284,0.58705,0.42907,0.68226,0.23079,0.007961,0.14088,0.16568,0.044183,0.67649,0.32819,0.83256,0.7298,0.48929,0.01048,0.89811,0.4735,0.014353,0.040706,0.14563,0.071298,0.44843,0.31991,0.24961,0.94349,0.89023,0.35093,0.90799,0.53756,0.58797,0.80089,0.18773,0.089272,0.44398,0.83721,0.50716,0.68346,0.36543,0.37792,0.079588,0.33384,0.90596,0.72253,0.010992,0.5605,0.18692,0.97964,0.82192,0.34352,0.72566,0.62642,0.096227,0.1425,0.46428,0.70945,0.22615,0.62523,0.15581,0.88312,0.15544,0.94278,0.47917,0.75077,0.60856,0.4642,0.35375,0.53779,0.6583,0.28669,0.65436,0.44299,0.35409,0.76296,0.49511,0.59429,0.15376,0.33824,0.14459,0.63905,0.39909,0.33591,0.3685,0.97653,0.27601,0.15353,0.97105,0.42598,0.19353,0.32667,0.56412,0.95279,0.20957,0.099802
0.9037,0.34487,0.81429,0.63083,0.3538,0.026156,0.097157,0.42685,0.29624,0.49254,0.96293,0.37546,0.82909,0.84945,0.25774,0.40031,0.51983,0.4696,0.20093,0.90328,0.13936,0.31936,0.71619,0.65753,0.99105,0.48763,0.96084,0.42863,0.20634,0.74464,0.93426,0.82208,0.33792,0.5222,0.34558,0.12656,0.87861,0.52249,0.18354,0.48704,0.38185,0.071052,0.88582,0.26484,0.62795,0.29404,0.16374,0.037098,0.61809,0.93959,0.31049,0.70836,0.86145,0.77761,0.13201,0.76042,0.9844,0.85464,0.498,0.0071794,0.85562,0.18926,0.77194,0.34745,0.14144,0.96052,0.81404,0.34745,0.15276,0.29179,0.52186,0.79726,0.25661,0.40829,0.79259,0.5496,0.4395,0.022974,0.37492,0.89068,0.8993,0.85178,0.95062,0.36521,0.9127,0.71123,0.1725,0.89247,0.95313,0.69055,0.34129,0.23847,0.5835,0.24017,0.32882,0.22336,0.52442,0.69947,0.83051,0.92491
0.60583,0.14042,0.67535,0.74284,0.23356,0.13371,0.73986,0.61025,0.95356,0.99106,0.022248,0.33429,0.14842,0.56296,0.26017,0.28097,0.99843,0.70971,0.54004,0.10779,0.030831,0.3071,0.55395,0.12075,0.19356,0.13596,0.52902,0.38009,0.70956,0.53206,0.15462,0.29409,0.52069,0.42737,0.70898,0.88028,0.62751,0.64682,0.67652,0.090099,0.99837,0.50894,0.66232,0.62401,0.099442,0.8349,0.26845,0.85876,0.19357,0.47542,0.62127,0.37763,0.24004,0.74452,0.17012,0.41364,0.52117,0.20889,0.49886,0.53807,0.83944,0.95618,0.34917,0.47026,0.015599,0.6137,0.51395,0.77798,0.69388,0.64421,0.80206,0.020116,0.95266,0.053256,0.42617,0.6762,0.55913,0.56185,0.91306,0.38034,0.16545,0.33569,0.69349,0.87031,0.79898,0.71253,0.42864,0.19402,0.22432,0.083798,0.36747,0.89613,0.2515,0.27608,0.99931,0.058563,0.5959,0.41302,0.40865,0.0077672
